[
  {
    "companyCode": "A",

    "subSeriesId": "1702",

    "name": "100AA",

    "subSeriesName": "SER 600",

    "seriesName": "S600",

    "seriesId": "305",

    "id": "748985"
  },

  {
    "companyCode": "A",

    "subSeriesId": "1702",

    "name": "100AB",

    "subSeriesName": "SER 600",

    "seriesName": "S600",

    "seriesId": "305",

    "id": "766945"
  },

  {
    "companyCode": "A",

    "subSeriesId": "1703",

    "name": "101DA",

    "subSeriesName": "SER 700",

    "seriesName": "S700",

    "seriesId": "306",

    "id": "1700890"
  },

  {
    "companyCode": "A",

    "subSeriesId": "1703",

    "name": "105EA",

    "subSeriesName": "SER 700",

    "seriesName": "S700",

    "seriesId": "306",

    "id": "1921234"
  },

  {
    "companyCode": "A",

    "subSeriesId": "1704",

    "name": "300HA",

    "subSeriesName": "SER 1000",

    "seriesName": "S600",

    "seriesId": "305",

    "id": "2089562"
  },

  {
    "companyCode": "A",

    "subSeriesId": "1704",

    "name": "130AI",

    "subSeriesName": "SER 1000",

    "seriesName": "S600",

    "seriesId": "305",

    "id": "2101114"
  }
]
